ID,Ecosystem,Prior_land_use,Restoration_strategy,Restoration_time,Fungal group,Metrics,Restored_Mean,Reference_Mean,Restored_SD,Reference_SD,Restored_SS,Reference_SS
SB030,Forest,Deforestation,Active,26,Basidiomycota,Relative abundance,0.576,0.597,0.070710678,0.065053824,8,8
SB093,Forest,Mining,Active,10,Basidiomycota,Relative abundance,20.575,4.572,2.0575,0.4572,7,7
SB093,Forest,Mining,Active,10,Basidiomycota,Relative abundance,7.079,4.572,0.7079,0.4572,7,7
SB093,Forest,Mining,Active,10,Basidiomycota,Relative abundance,31.047,4.572,3.1047,0.4572,7,7
SB093,Forest,Mining,Active,10,Basidiomycota,Relative abundance,14.122,4.572,1.4122,0.4572,7,7
SB093,Forest,Mining,Active,10,Basidiomycota,Relative abundance,4.4247,4.572,0.44247,0.4572,7,7
SB160,Grassland,Agriculture,Passive,2,Basidiomycota,Relative abundance,14,5,1.4,0.5,3,3
SB160,Grassland,Agriculture,Passive,8,Basidiomycota,Relative abundance,6,5,0.6,0.5,3,3
SB104,Forest,Agriculture,Active,7,Basidiomycota,Relative abundance,86,6,8.6,0.6,3,3
SB151,Grassland,Pasture,Passive,20,Basidiomycota,Relative abundance,4.243,6.677,0.926647182,0.859097201,3,3
SB075,Grassland,Pasture,Passive,9,Basidiomycota,Relative abundance,52,8,5.2,0.8,5,5
SB075,Grassland,Pasture,Active,9,Basidiomycota,Relative abundance,40,8,4,0.8,5,5
SB050,Grassland,Pasture,Passive,5,Basidiomycota,Relative abundance,26.379,8.038,9.138300061,4.785656381,3,3
SB050,Grassland,Pasture,Passive,10,Basidiomycota,Relative abundance,11.304,8.038,2.175455814,4.785656381,3,3
SB050,Grassland,Pasture,Passive,15,Basidiomycota,Relative abundance,15.575,8.038,4.785656381,4.785656381,3,3
SB119,Grassland,Mining,Active,4,Basidiomycota,Relative abundance,8,10,0.8,1,5,5
SB119,Grassland,Mining,Active,4,Basidiomycota,Relative abundance,12,10,1.2,1,5,5
SB128,Grassland,Mining,Passive,2,Basidiomycota,Relative abundance,93.045,10.591,3.97,5.372,4,4
SB128,Grassland,Mining,Passive,5,Basidiomycota,Relative abundance,84.418,10.591,2.14,5.372,4,4
SB128,Grassland,Mining,Passive,10,Basidiomycota,Relative abundance,70.635,10.591,1.998,5.372,4,4
SB128,Grassland,Mining,Passive,15,Basidiomycota,Relative abundance,73.705,10.591,4.87,5.372,4,4
SB118,Grassland,Agriculture,Active,2.5,Basidiomycota,Relative abundance,11,11,1.1,1.1,5,5
SB118,Grassland,Agriculture,Active,11,Basidiomycota,Relative abundance,18,11,1.8,1.1,5,5
SB118,Grassland,Agriculture,Active,16,Basidiomycota,Relative abundance,11,11,1.1,1.1,5,5
SB124,Grassland,Agriculture,Active,20,Basidiomycota,Relative abundance,5.32,11.63,1.247076581,6.044857318,3,3
SB124,Grassland,Agriculture,Active,20,Basidiomycota,Relative abundance,27.7,11.63,5.005626834,6.044857318,3,3
SB122,Forest,Mining,Active,5,Basidiomycota,Relative abundance,24.19,11.71,2.419,1.171,7,7
SB122,Forest,Mining,Active,5,Basidiomycota,Relative abundance,15.32,11.71,1.532,1.171,7,7
SB122,Forest,Mining,Active,5,Basidiomycota,Relative abundance,6.98,11.71,0.698,1.171,7,7
SB122,Forest,Mining,Active,5,Basidiomycota,Relative abundance,3.5,11.71,0.35,1.171,7,7
SB171,Grassland,Mining,Active,2,Basidiomycota,Relative abundance,9,14,0.9,1.4,7,7
SB171,Grassland,Mining,Active,6,Basidiomycota,Relative abundance,14,14,1.4,1.4,7,7
SB071,Forest,Agriculture,Passive,5,Basidiomycota,Relative abundance,11.044,14.097,1.1044,1.4097,5,5
SB071,Forest,Agriculture,Passive,17.5,Basidiomycota,Relative abundance,12.031,14.097,1.2031,1.4097,5,5
SB071,Forest,Agriculture,Passive,35,Basidiomycota,Relative abundance,9.672,14.097,0.9672,1.4097,5,5
SB094,Grassland,Mining,Active,4,Basidiomycota,Relative abundance,9,15,0.9,1.5,12,12
SB094,Grassland,Mining,Active,6,Basidiomycota,Relative abundance,4,15,0.4,1.5,12,12
SB094,Grassland,Mining,Active,9,Basidiomycota,Relative abundance,4,15,0.4,1.5,12,12
SB094,Grassland,Mining,Active,14,Basidiomycota,Relative abundance,8,15,0.8,1.5,12,12
SB097,Forest,Pasture,Active,6,Basidiomycota,Relative abundance,18,15,1.8,1.5,9,9
SB135,Forest,Deforestation,Active,6,Basidiomycota,Relative abundance,28,15,2.8,1.5,3,3
SB135,Forest,Deforestation,Active,15,Basidiomycota,Relative abundance,15,15,1.5,1.5,3,3
SB135,Forest,Deforestation,Active,25,Basidiomycota,Relative abundance,8,15,0.8,1.5,3,3
SB135,Forest,Deforestation,Active,32,Basidiomycota,Relative abundance,8,15,0.8,1.5,3,3
SB135,Forest,Deforestation,Active,50,Basidiomycota,Relative abundance,20,15,2,1.5,3,3
SB007,Forest,Others,Active,2,Basidiomycota,Relative abundance,18,22,1.8,2.2,3,3
SB007,Forest,Others,Active,1,Basidiomycota,Relative abundance,40,22,4,2.2,3,3
SB007,Forest,Others,Active,25,Basidiomycota,Relative abundance,20,22,2,2.2,3,3
SB114,Forest,Deforestation,Passive,30,Basidiomycota,Relative abundance,15,27,1.5,2.7,3,3
SB114,Forest,Deforestation,Passive,30,Basidiomycota,Relative abundance,17.5,27,1.75,2.7,3,3
SB114,Forest,Deforestation,Passive,30,Basidiomycota,Relative abundance,21,27,2.1,2.7,3,3
SB081,Forest,Deforestation,Passive,30,Basidiomycota,Relative abundance,48,28,4.8,2.8,25,19
SB081,Forest,Deforestation,Passive,35.5,Basidiomycota,Relative abundance,48,28,4.8,2.8,17,19
SB059,Forest,Agriculture,Passive,30,Basidiomycota,Relative abundance,50,30,5,3,3,3
SB059,Forest,Agriculture,Passive,60,Basidiomycota,Relative abundance,30,30,3,3,3,3
SB059,Forest,Agriculture,Passive,110,Basidiomycota,Relative abundance,30,30,3,3,3,3
SB146,Forest,Erosion,Active,25,Basidiomycota,Relative abundance,28,30,2.8,3,3,3
SB146,Forest,Erosion,Active,25,Basidiomycota,Relative abundance,20,30,2,3,3,3
SB172,Grassland,Pasture,Active,3,Basidiomycota,Relative abundance,16,32,1.6,3.2,8,8
SB076,Forest,Agriculture,Passive,3,Basidiomycota,Relative abundance,24.22,35.43,2.422,3.543,3,4
SB076,Forest,Agriculture,Passive,6,Basidiomycota,Relative abundance,16.86,35.43,1.686,3.543,3,4
SB076,Forest,Agriculture,Passive,20,Basidiomycota,Relative abundance,27.82,35.43,2.782,3.543,3,4
SB076,Forest,Agriculture,Passive,40,Basidiomycota,Relative abundance,19.32,35.43,1.932,3.543,3,4
SB120,Forest,Mining,Passive,1,Basidiomycota,Relative abundance,20,38,2,3.8,4,4
SB120,Forest,Others,Passive,2,Basidiomycota,Relative abundance,6,38,0.6,3.8,4,4
SB120,Forest,Others,Passive,2,Basidiomycota,Relative abundance,18,38,1.8,3.8,4,4
SB120,Forest,Others,Passive,20,Basidiomycota,Relative abundance,36,38,3.6,3.8,4,4
SB117,Forest,Deforestation,Passive,20,Basidiomycota,Relative abundance,65,39,6.5,3.9,3,3
SB117,Forest,Deforestation,Passive,32,Basidiomycota,Relative abundance,60,39,6,3.9,3,3
SB117,Forest,Deforestation,Passive,47,Basidiomycota,Relative abundance,50,39,5,3.9,3,3
SB117,Forest,Deforestation,Passive,61,Basidiomycota,Relative abundance,40,40,4,4,3,3
SB056,Forest,Deforestation,Active,43,Basidiomycota,Relative abundance,5.35,44.22,4.114365079,34.01059394,5,5
SB064,Forest,Mining,Active,12,Basidiomycota,Relative abundance,6,45,0.6,4.5,4,4
SB090,Forest,Agriculture,Passive,110,Basidiomycota,Relative abundance,32,47.59,12.14,12.38,4,4
SB090,Forest,Agriculture,Passive,30,Basidiomycota,Relative abundance,12.69,47.59,2.72,12.38,4,4
SB090,Forest,Agriculture,Passive,15,Basidiomycota,Relative abundance,17.43,47.59,10.1,12.38,4,4
SB090,Forest,Agriculture,Passive,50,Basidiomycota,Relative abundance,8.28,47.59,2.46,12.38,4,4
SB112,Forest,Deforestation,Passive,6,Basidiomycota,Relative abundance,72,64,7.2,6.4,3,3
SB112,Forest,Deforestation,Passive,6,Basidiomycota,Relative abundance,55,64,5.5,6.4,3,3
SB112,Forest,Deforestation,Passive,6,Basidiomycota,Relative abundance,53,64,5.3,6.4,3,3
SB112,Forest,Deforestation,Passive,6,Basidiomycota,Relative abundance,77.5,64,7.75,6.4,3,3
SB183,Forest,Deforestation,Active,64,Basidiomycota,Relative abundance,43,65,4.3,6.5,5,5
SB183,Forest,Deforestation,Active,64,Basidiomycota,Relative abundance,52,65,5.2,6.5,5,5
SB048,Grassland,Deforestation,Passive,38,Basidiomycota,Relative abundance,25,70,2.5,7,3,3
SB048,Grassland,Deforestation,Passive,58,Basidiomycota,Relative abundance,48,70,4.8,7,3,3
SB021,Forest,Erosion,Active,12,Basidiomycota,Relative abundance,26.666,71.292,15.00848826,23.9303995,5,5
SB021,Forest,Erosion,Active,29,Basidiomycota,Relative abundance,75.102,71.292,15.41321657,23.9303995,5,5
SB021,Forest,Erosion,Active,53,Basidiomycota,Relative abundance,76.009,71.292,24.33736387,23.9303995,5,5
SB177,Forest,Erosion,Active,37,Basidiomycota,Relative abundance,56,72.5,5.6,7.25,3,3
SB166,Forest,Deforestation,Passive,40,Basidiomycota,Relative abundance,44.53,80.85,21.24264579,7.714434522,5,5
SB166,Forest,Deforestation,Active,40,Basidiomycota,Relative abundance,24.39,80.85,2.593838854,7.714434522,5,5
SB165,Forest,Deforestation,Passive,16,Basidiomycota,Relative abundance,85,81.5,8.5,8.15,5,5
SB165,Forest,Deforestation,Passive,23,Basidiomycota,Relative abundance,77,81.5,7.7,8.15,5,5
SB165,Forest,Deforestation,Passive,59,Basidiomycota,Relative abundance,81.5,81.5,8.15,8.15,5,5