ID,Ordination_type,Restoration_time,Ecosystem,Prior_land_use,Restoration_strategy,Restored_Mean,Degraded_Mean,Restored_SD,Degraded_SD,Restored_SS,Degraded_SS
SB131,PCoA,9,Grassland,Pasture,Passive,0.0138115,0.02199999,0.00552482,0.001946988,3,3
SB021,PCA,11,Forest,Erosion,Active,0.10104899,0.02819355,0.049976516,0.002384491,3,3
SB021,PCA,21,Forest,Erosion,Active,0.10419462,0.02819355,0.050191844,0.002384491,3,3
SB021,PCA,31,Forest,Erosion,Active,0.14765746,0.02819355,0.063339647,0.002384491,3,3
SB053,PCA,120,Forest,Agriculture,Passive,0.15369708,0.03482946,0.07905512,0.01894583,4,4
SB053,PCA,60,Forest,Agriculture,Passive,0.18481564,0.03482946,0.13992113,0.01894583,4,4
SB053,PCA,30,Forest,Agriculture,Passive,0.26420965,0.03482946,0.17690672,0.01894583,4,4
SB079,NMDS,30,Grassland,Pasture,Passive,0.08794163,0.03663124,0.02619284,0.01371015,3,3
SB079,NMDS,25,Grassland,Pasture,Passive,0.16170388,0.03663124,0.04996153,0.01371015,3,3
SB079,NMDS,5,Grassland,Pasture,Passive,0.19249329,0.03663124,0.12695058,0.01371015,3,3
SB079,NMDS,10,Grassland,Pasture,Passive,0.27452421,0.03663124,0.19234052,0.01371015,3,3
SB079,NMDS,15,Grassland,Pasture,Passive,0.33673577,0.03663124,0.18007334,0.01371015,3,3
SB115,PCA,33,Forest,Agriculture,Passive,0.01498591,0.03977767,0.008348879,0.009227959,3,3
SB115,PCA,8,Forest,Agriculture,Passive,0.02170725,0.03977767,0.011782319,0.009227959,3,3
SB115,PCA,40,Forest,Agriculture,Passive,0.0293182,0.03977767,0.016500449,0.009227959,3,3
SB115,PCA,2,Forest,Agriculture,Passive,0.03839657,0.03977767,0.003700704,0.009227959,3,3
SB156,NMDS,15,Forest,Deforestation,Active,0.02704951,0.04566715,0.009224186,0.013148225,4,4
SB156,NMDS,12,Forest,Deforestation,Active,0.14757352,0.04566715,0.056688799,0.013148225,4,4
SB183,NMDS,50,Forest,Deforestation,Active,0.02488859,0.04785033,0.01081204,0.0242344,5,5
SB183,NMDS,30,Forest,Deforestation,Active,0.05425093,0.04785033,0.02659538,0.0242344,13,5
SB183,NMDS,10,Forest,Deforestation,Active,0.06294501,0.04785033,0.03263373,0.0242344,14,5
SB037,NMDS,60,Forest,Agriculture,Passive,0.06677939,0.04948076,0.03208642,0.02008422,6,6
SB037,NMDS,100,Forest,Agriculture,Passive,0.08155031,0.04948076,0.03437805,0.02008422,6,6
SB037,NMDS,11,Forest,Agriculture,Passive,0.08347635,0.04948076,0.03365023,0.02008422,6,6
SB037,NMDS,35,Forest,Agriculture,Passive,0.10294485,0.04948076,0.04295361,0.02008422,6,6
SB037,NMDS,150,Forest,Agriculture,Passive,0.15525349,0.04948076,0.12012751,0.02008422,6,6
SB027,PCA,25,Grassland,Pasture,Passive,0.02348168,0.05137224,0.007891534,0.034754714,3,3
SB027,PCA,10,Grassland,Pasture,Passive,0.0615412,0.05137224,0.029386406,0.034754714,3,3
SB027,PCA,35,Grassland,Pasture,Passive,0.30129041,0.05137224,0.20791953,0.034754714,3,3
SB028,PCoA,15,Forest,Agriculture,Active,0.05876116,0.05459193,0.03040694,0.01976585,3,3
SB145,PCoA,15,Forest,Agriculture,Active,0.05384845,0.05480268,0.0285406,0.03340639,6,6
SB145,PCoA,45,Forest,Agriculture,Active,0.07308922,0.05480268,0.03370319,0.03340639,6,6
SB145,PCoA,35,Forest,Agriculture,Active,0.11885655,0.05480268,0.06773843,0.03340639,6,6
SB145,PCoA,25,Forest,Agriculture,Active,0.12193975,0.05480268,0.06504148,0.03340639,6,6
SB147,PCA,34,Grassland,Agriculture,Active,0.07406417,0.05844667,0.05133312,0.02498833,3,3
SB147,PCA,35,Grassland,Agriculture,Passive,0.16338583,0.05844667,0.08932646,0.02498833,3,3
SB151,PCoA,20,Grassland,Pasture,Passive,0.24944706,0.05943171,0.1122649,0.03286653,3,3
SB171,PCoA,2,Grassland,Mining,Active,0.08078534,0.06771357,0.05003683,0.04063155,7,7
SB171,PCoA,6,Grassland,Mining,Active,0.10050693,0.06771357,0.05726998,0.04063155,7,7
SB161,PCoA,20,Forest,Pasture,Passive,0.06378795,0.07288392,0.04562021,0.03219808,9,9
SB072,PCoA,2,Forest,Monoculture plantation,Active,0.13977179,0.07710874,0.0859755,0.0358093,6,6
SB072,PCoA,2,Forest,Monoculture plantation,Active,0.33709752,0.07710874,0.2273836,0.0358093,6,6
SB147,PCA,34,Grassland,Agriculture,Active,0.13090758,0.07747483,0.07110055,0.01595418,3,3
SB147,PCA,35,Grassland,Agriculture,Passive,0.14747167,0.07747483,0.08090468,0.01595418,3,3
SB096,PCA,2.5,Forest,Erosion,Active,0.27447148,0.08496107,0.05977176,0.01400799,3,3
SB182,PCoA,7,Grassland,Agriculture,Passive,0.05980475,0.08903977,0.02165319,0.03405331,4,4
SB182,PCoA,7,Grassland,Agriculture,Active,0.17384517,0.08903977,0.15967611,0.03405331,4,4
SB024,NMDS,17,Forest,Agriculture,Active,0.21464616,0.09769832,0.0902222,0.04073448,3,3
SB024,NMDS,17,Grassland,Agriculture,Active,0.25617915,0.09769832,0.15355843,0.04073448,3,3
SB024,NMDS,78,Grassland,Agriculture,Passive,0.42988805,0.09769832,0.20626793,0.04073448,3,3
SB122,PCA,5,Forest,Mining,Active,0.1025078,0.1096424,0.05134883,0.05458721,7,7
SB122,PCA,5,Forest,Mining,Active,0.103723,0.1096424,0.05255897,0.05458721,7,7
SB122,PCA,5,Forest,Mining,Active,0.1083776,0.1096424,0.05354838,0.05458721,7,7
SB122,PCA,5,Forest,Mining,Active,0.1117191,0.1096424,0.06102203,0.05458721,7,7
SB077,PCoA,11,Forest,Monoculture plantation,Active,0.3067666,0.111152,0.21915887,0.07741153,3,3
SB077,PCoA,11,Forest,Monoculture plantation,Active,0.3072847,0.111152,0.21138407,0.07741153,3,3
SB141,PCA,59,Forest,Deforestation,Active,0.1041079,0.1181228,0.08598139,0.07666452,14,15
SB141,PCA,59,Forest,Deforestation,Active,0.1750524,0.1181228,0.11853191,0.07666452,15,15
SB141,PCA,59,Forest,Deforestation,Active,0.1842881,0.1181228,0.13675397,0.07666452,15,15
SB102,NMDS,40,Forest,Monoculture plantation,Passive,0.1388536,0.1185665,0.056200222,0.007371834,3,3
SB102,NMDS,55,Forest,Monoculture plantation,Passive,0.2163481,0.1185665,0.018529419,0.007371834,3,3
SB102,NMDS,30,Forest,Monoculture plantation,Passive,0.4813858,0.1185665,0.303881604,0.007371834,3,3
SB155,PCoA,43,Forest,Erosion,Active,0.09728318,0.11913735,0.02735572,0.08468848,3,3
SB155,PCoA,43,Forest,Erosion,Active,0.21018725,0.11913735,0.11643304,0.08468848,3,3
SB155,PCoA,43,Forest,Erosion,Active,0.33363387,0.11913735,0.22956887,0.08468848,3,3
SB069,PCA,34,Forest,Agriculture,Active,0.01529743,0.1202734,0.007633685,0.080428004,3,3
SB069,PCA,28,Forest,Agriculture,Active,0.02230208,0.1202734,0.012028947,0.080428004,3,3
SB069,PCA,17,Forest,Agriculture,Active,0.02850106,0.1202734,0.001537786,0.080428004,3,3
SB069,PCA,45,Forest,Agriculture,Active,0.07208878,0.1202734,0.033488221,0.080428004,3,3
SB104,PCA,7,Forest,Agriculture,Active,0.200819,0.1214951,0.008308696,0.036656354,3,3
SB185,NMDS,17.5,Grassland,Agriculture,Active,0.1785122,0.1218674,0.03019266,0.06342323,3,3
SB185,NMDS,17.5,Grassland,Agriculture,Active,0.1944602,0.1218674,0.08121714,0.06342323,3,3
SB185,NMDS,17.5,Grassland,Agriculture,Active,0.2487818,0.1218674,0.18275921,0.06342323,3,3
SB088,NMDS,5,Grassland,Mining,Active,0.06894411,0.12293334,0.02649155,0.04301225,5,5
SB088,NMDS,20,Grassland,Mining,Active,0.07555388,0.12293334,0.031266,0.04301225,5,5
SB088,NMDS,10,Grassland,Mining,Active,0.08235555,0.12293334,0.03612818,0.04301225,5,5
SB088,NMDS,15,Grassland,Mining,Active,0.15170845,0.12293334,0.10224769,0.04301225,5,5
SB114,PCoA,30,Forest,Deforestation,Passive,0.16361496,0.12606171,0.11203082,0.09968123,3,3
SB114,PCoA,30,Forest,Deforestation,Passive,0.33951558,0.12606171,0.10106538,0.09968123,3,3
SB114,PCoA,30,Forest,Deforestation,Passive,0.36456123,0.12606171,0.29802043,0.09968123,3,3
SB074,PCA,12,Forest,Monoculture plantation,Active,0.3711003,0.1269266,0.16434719,0.05431831,4,4
SB149,PCoA,20,Forest,Agriculture,Passive,0.02341877,0.12969365,0.007215376,0.060086914,3,3
SB149,PCoA,15,Forest,Agriculture,Passive,0.04958671,0.12969365,0.018345498,0.060086914,3,3
SB084,NMDS,5,Forest,Mining,Passive,0.1147138,0.131786,0.04384454,0.05370486,5,6
SB084,NMDS,1,Forest,Mining,Passive,0.2059741,0.131786,0.08270383,0.05370486,6,6
SB084,NMDS,15,Forest,Mining,Passive,0.2059741,0.131786,0.08270383,0.05370486,6,6
SB084,NMDS,10,Forest,Mining,Passive,0.345489,0.131786,0.15493476,0.05370486,5,6
SB084,NMDS,2,Forest,Mining,Passive,0.5077122,0.131786,0.33262362,0.05370486,3,6
SB172,PCoA,3,Grassland,Pasture,Active,0.12419253,0.14056709,0.05668062,0.07839591,8,8
SB160,PCA,8,Grassland,Agriculture,Passive,0.07292843,0.14237875,0.02368723,0.07091338,3,3
SB160,PCA,2,Grassland,Agriculture,Passive,0.21567177,0.14237875,0.13936403,0.07091338,3,3
SB091,PCoA,4,Grassland,Pasture,Active,0.3196904,0.1441818,0.22085916,0.07108804,8,8
SB082,PCoA,10,Forest,Deforestation,Active,0.1107177,0.1460935,0.04679356,0.06715891,3,3
SB082,PCoA,16,Forest,Deforestation,Active,0.129098,0.1460935,0.02801118,0.06715891,3,3
SB082,PCoA,22,Forest,Deforestation,Active,0.1769981,0.1460935,0.07304474,0.06715891,3,3
SB082,PCoA,47,Forest,Deforestation,Active,0.3969355,0.1460935,0.07686703,0.06715891,3,3
SB150,NMDS,5,Grassland,Pasture,Active,0.03312692,0.14735265,0.008113686,0.063203293,3,3
SB150,NMDS,19,Grassland,Pasture,Active,0.09741198,0.14735265,0.030377446,0.063203293,3,3
SB150,NMDS,16,Grassland,Pasture,Active,0.10715472,0.14735265,0.059297035,0.063203293,3,3
SB150,NMDS,14,Grassland,Pasture,Active,0.14652217,0.14735265,0.018800507,0.063203293,3,3
SB078,PCoA,1,Forest,Erosion,Active,0.11915,0.1474618,0.05633937,0.09322033,3,3
SB078,PCoA,16,Forest,Erosion,Active,0.1262467,0.1474618,0.06010733,0.09322033,3,3
SB078,PCoA,11,Forest,Erosion,Active,0.1719327,0.1474618,0.0812382,0.09322033,3,3
SB078,PCoA,6,Forest,Erosion,Active,0.216257,0.1474618,0.13614161,0.09322033,3,3
SB091,PCoA,4,Grassland,Pasture,Active,0.2168578,0.1493081,0.12021201,0.07740206,8,8
SB162,NMDS,5,Grassland,Agriculture,Passive,0.01385756,0.1554436,0.000775996,0.10375486,3,3
SB162,NMDS,20,Grassland,Agriculture,Passive,0.02000346,0.1554436,0.005690578,0.10375486,3,3
SB162,NMDS,15,Grassland,Agriculture,Passive,0.02437362,0.1554436,0.0075193,0.10375486,3,3
SB162,NMDS,40,Grassland,Agriculture,Passive,0.04423607,0.1554436,0.015899231,0.10375486,3,3
SB095,PCoA,12,Forest,Monoculture plantation,Active,0.1969654,0.1599725,0.1340155,0.1096674,7,3
SB095,PCoA,12,Forest,Monoculture plantation,Active,0.2090452,0.1599725,0.1359602,0.1096674,8,3
SB173,PCoA,47,Forest,Pasture,Passive,0.2259549,0.1649814,0.128603,0.1500874,12,12
SB173,PCoA,23,Forest,Pasture,Passive,0.2664116,0.1649814,0.1567213,0.1500874,12,12
SB173,PCoA,68,Forest,Pasture,Passive,0.3347655,0.1649814,0.2517004,0.1500874,12,12
SB076,NMDS,6,Forest,Agriculture,Passive,0.03580439,0.1673083,0.02197102,0.12581562,3,3
SB076,NMDS,40,Forest,Agriculture,Passive,0.14495774,0.1673083,0.05397851,0.12581562,3,3
SB076,NMDS,20,Forest,Agriculture,Passive,0.1617872,0.1673083,0.10087295,0.12581562,3,3
SB076,NMDS,3,Forest,Agriculture,Passive,0.16302506,0.1673083,0.07951644,0.12581562,3,3
SB166,NMDS,40,Forest,Deforestation,Active,0.1080882,0.1826799,0.04124619,0.08555949,5,5
SB166,NMDS,40,Forest,Deforestation,Passive,0.2813809,0.1826799,0.17195277,0.08555949,5,5
SB028,PCoA,30,Forest,Agriculture,Active,0.05876116,0.1871757,0.08085721,0.01976585,3,3
SB100,NMDS,1.5,Forest,Agriculture,Active,0.05506797,0.19491735,0.04159106,0.12673047,3,3
SB100,NMDS,15,Forest,Agriculture,Active,0.06080478,0.19491735,0.030989,0.12673047,3,3
SB100,NMDS,15,Forest,Agriculture,Active,0.12228978,0.19491735,0.01736141,0.12673047,3,3
SB100,NMDS,1.5,Forest,Agriculture,Active,0.12332821,0.19491735,0.05458172,0.12673047,3,3
SB186,PCA,4,Grassland,Pasture,Active,0.2039638,0.2017281,0.1156204,0.1921757,8,15
SB080,NMDS,13,Forest,Monoculture plantation,Active,0.3532831,0.2034693,0.15025595,0.07314122,4,4
SB131,PCoA,9,Grassland,Pasture,Passive,0.4351419,0.2041315,0.3538579,0.1291986,3,3
SB152,NMDS,2,Grassland,Agriculture,Passive,0.2475405,0.2048806,0.1345507,0.1132914,15,15
SB152,NMDS,10,Grassland,Agriculture,Passive,0.3175238,0.2048806,0.1658337,0.1132914,15,15
SB152,NMDS,20,Grassland,Agriculture,Passive,0.4261561,0.2048806,0.2269553,0.1132914,15,15
SB146,PCoA,25,Forest,Erosion,Active,0.3893124,0.2071272,0.2198317,0.1277657,3,3
SB146,PCoA,25,Forest,Erosion,Active,0.513087,0.2071272,0.2136063,0.1277657,3,3
SB028,PCoA,45,Forest,Agriculture,Active,0.05876116,0.20792701,0.06296456,0.01976585,3,3
SB131,PCoA,9,Grassland,Pasture,Passive,0.09511542,0.21582045,0.04167415,0.17995202,3,3
SB054,NMDS,50,Forest,Agriculture,Passive,0.1417108,0.2232751,0.05188216,0.09985878,3,3
SB054,NMDS,40,Forest,Agriculture,Passive,0.1968208,0.2232751,0.09609208,0.09985878,3,3
SB054,NMDS,30,Forest,Agriculture,Passive,0.1980172,0.2232751,0.06639696,0.09985878,3,3
SB054,NMDS,10,Forest,Agriculture,Passive,0.6474502,0.2232751,0.30952343,0.09985878,3,3
SB054,NMDS,20,Forest,Agriculture,Passive,0.9769626,0.2232751,0.45651899,0.09985878,3,3
SB121,PCoA,14,Grassland,Pasture,Active,0.1267323,0.233709,0.08559675,0.20981405,4,4
SB121,PCoA,14,Grassland,Pasture,Active,0.3124265,0.233709,0.28270314,0.20981405,4,4
SB121,PCoA,14,Grassland,Pasture,Active,0.3960992,0.233709,0.25791089,0.20981405,4,4
SB133,PCA,48,Forest,Pasture,Active,0.2109048,0.2416995,0.05052236,0.074375,3,3
SB133,PCA,31,Forest,Pasture,Active,0.2524378,0.2416995,0.09578657,0.074375,3,3
SB142,PCA,10,Forest,Monoculture plantation,Active,0.283523,0.2505102,0.08086931,0.08527533,3,3
SB142,PCA,5,Forest,Monoculture plantation,Active,0.2981722,0.2505102,0.14315187,0.08527533,3,3
SB103,PCoA,3,Grassland,Pasture,Passive,0.2033744,0.2538494,0.037579,0.1600154,3,3
SB092,NMDS,15,Forest,Agriculture,Active,0.5087667,0.2546098,0.213413,0.1663143,9,9
SB092,NMDS,15,Forest,Agriculture,Passive,0.676156,0.2546098,0.3694225,0.1663143,9,9
SB132,NMDS,57,Forest,Erosion,Active,0.4224326,0.2563579,0.2288676,0.1231304,3,3
SB132,NMDS,57,Forest,Erosion,Active,0.4392402,0.2563579,0.1307789,0.1231304,3,3
SB132,NMDS,57,Forest,Erosion,Active,0.9305667,0.2563579,0.4041874,0.1231304,3,3
SB052,PCoA,30,Grassland,Others,Passive,0.0728431,0.2612844,0.03574063,0.24017267,4,4
SB052,PCoA,12,Grassland,Others,Passive,0.0932983,0.2612844,0.06094258,0.24017267,4,4
SB049,NMDS,6,Forest,Mining,Active,0.2436038,0.2634796,0.17475002,0.07331855,4,4
SB049,NMDS,6,Forest,Mining,Active,0.256253,0.2634796,0.0923076,0.07331855,4,4
SB049,NMDS,6,Forest,Mining,Active,0.4086275,0.2634796,0.11493883,0.07331855,4,4
SB101,NMDS,24,Grassland,Agriculture,Active,0.2624764,0.2701092,0.12166155,0.10790162,5,5
SB101,NMDS,24,Grassland,Agriculture,Passive,0.277361,0.2701092,0.12479218,0.10790162,5,5
SB101,NMDS,24,Grassland,Agriculture,Passive,0.2820589,0.2701092,0.09100096,0.10790162,5,5
SB101,NMDS,24,Grassland,Agriculture,Active,0.3080164,0.2701092,0.11007075,0.10790162,5,5
SB101,NMDS,24,Grassland,Agriculture,Active,0.3769297,0.2701092,0.15997292,0.10790162,5,5
SB044,NMDS,31,Forest,Agriculture,Passive,0.3792066,0.2713574,0.1733186,0.126768,9,9
SB071,DCA,5,Forest,Agriculture,Passive,0.3173994,0.2793046,0.1244005,0.1388815,5,5
SB071,DCA,35,Forest,Agriculture,Passive,0.613626,0.2793046,0.3355365,0.1388815,5,5
SB071,DCA,17,Forest,Agriculture,Passive,0.8773351,0.2793046,0.569839,0.1388815,5,5
SB092,NMDS,15,Forest,Agriculture,Active,0.5585743,0.2950602,0.278433,0.1513954,9,9
SB092,NMDS,15,Forest,Agriculture,Passive,0.8612576,0.2950602,0.4048262,0.1513954,9,9
SB184,NMDS,5,Grassland,Pasture,Active,0.5791828,0.2987535,0.4124201,0.1267875,9,8
SB184,NMDS,10,Grassland,Pasture,Active,0.6312832,0.2987535,0.4234755,0.1267875,6,8
SB136,NMDS,21,Forest,Agriculture,Passive,0.2504616,0.3028195,0.09800791,0.15392284,3,3
SB136,NMDS,7,Forest,Agriculture,Active,0.3393316,0.3028195,0.20010893,0.15392284,3,3
SB130,NMDS,23,Forest,Monoculture plantation,Active,0.1757091,0.3057615,0.07499973,0.14359179,3,3
SB130,NMDS,13,Forest,Monoculture plantation,Active,0.3121949,0.3057615,0.13349825,0.14359179,3,3
SB130,NMDS,7,Forest,Monoculture plantation,Active,0.5204004,0.3057615,0.2293303,0.14359179,3,3
SB096,PCA,2.5,Forest,Erosion,Active,0.2685537,0.3084486,0.08387498,0.17221062,3,3
SB093,NMDS,10,Forest,Mining,Active,0.2450633,0.3290325,0.1494341,0.2079511,7,7
SB093,NMDS,10,Forest,Mining,Active,0.2515824,0.3290325,0.1399883,0.2079511,7,7
SB093,NMDS,10,Forest,Mining,Active,0.255314,0.3290325,0.1333097,0.2079511,7,7
SB093,NMDS,10,Forest,Mining,Active,0.3070416,0.3290325,0.1611021,0.2079511,7,7
SB093,NMDS,10,Forest,Mining,Active,0.3160214,0.3290325,0.1691998,0.2079511,7,7
SB097,NMDS,6,Forest,Pasture,Active,0.3939371,0.3316547,0.1976931,0.2653187,6,6
SB159,NMDS,18,Forest,Agriculture,Active,0.3170879,0.3805018,0.1903568,0.3251711,12,12
SB148,NMDS,22,Grassland,Pasture,Passive,0.245389,0.3831005,0.10181988,0.15719289,5,5
SB148,NMDS,39,Grassland,Pasture,Passive,0.2925557,0.3831005,0.09414656,0.15719289,5,5
SB148,NMDS,5,Grassland,Pasture,Passive,0.3743323,0.3831005,0.20390727,0.15719289,4,5
SB148,NMDS,13,Grassland,Pasture,Passive,0.520466,0.3831005,0.31293099,0.15719289,5,5
SB074,PCA,12,Forest,Monoculture plantation,Active,0.3087789,0.3869823,0.1191452,0.231836,4,4
SB064,NMDS,12,Forest,Mining,Active,0.2028661,0.3900844,0.08065524,0.15270937,4,4
SB163,PCoA,11,Forest,Monoculture plantation,Active,0.200813,0.4011929,0.2027942,0.2018981,9,9
SB118,RDA,2.5,Grassland,Agriculture,Active,0.2177068,0.4087076,0.1158595,0.2025246,15,15
SB118,RDA,11,Grassland,Agriculture,Active,0.3015038,0.4087076,0.2926361,0.2025246,15,15
SB118,RDA,16,Grassland,Agriculture,Active,0.3370622,0.4087076,0.1513069,0.2025246,15,15
SB179,MDS,7,Forest,Pasture,Active,0.1482442,0.4412481,0.05231215,0.17584341,3,3
SB179,MDS,7,Forest,Pasture,Active,0.2099501,0.4412481,0.0958446,0.17584341,3,3
SB179,MDS,7,Forest,Pasture,Active,0.2247026,0.4412481,0.16531095,0.17584341,3,3
SB179,MDS,7,Grassland,Pasture,Active,0.2387743,0.4412481,0.07182527,0.17584341,3,3
SB057,NMDS,44,Forest,Agriculture,Passive,0.6818383,0.48474,0.1903201,0.2633523,3,3
SB057,NMDS,29,Forest,Agriculture,Passive,0.7727402,0.48474,0.4261644,0.2633523,3,3
SB057,NMDS,13,Forest,Agriculture,Passive,1.0064478,0.48474,0.3076756,0.2633523,3,3
SB099,NMDS,2,Forest,Mining,Active,0.112755,0.4996415,0.04263098,0.27747516,4,3
SB099,NMDS,2,Forest,Mining,Active,0.2192918,0.4996415,0.09986144,0.27747516,3,3
SB099,NMDS,2,Forest,Mining,Active,0.3239015,0.4996415,0.1704695,0.27747516,4,3
SB153,PCA,22,Grassland,Pasture,Passive,0.8713093,0.5093076,0.7441511,0.2863913,4,4
SB067,CCA,23,Forest,Erosion,Active,0.1538382,0.5176667,0.0973789,0.32762078,3,3
SB067,CCA,29,Forest,Erosion,Active,0.2419718,0.5176667,0.06458894,0.32762078,3,3
SB067,CCA,40,Forest,Erosion,Active,0.3318939,0.5176667,0.16110726,0.32762078,3,3
SB063,NMDS,8,Grassland,Pasture,Passive,0.3105222,0.5371361,0.3105222,0.3030841,9,9
SB089,NMDS,29,Forest,Agriculture,Active,0.7272393,0.5652719,0.326954,0.3097756,9,7
SB178,NMDS,20,Forest,Agriculture,Passive,0.2690327,0.7136446,0.08012545,0.33912765,4,8
SB178,NMDS,40,Forest,Agriculture,Passive,0.3496533,0.7136446,0.14124328,0.33912765,4,8
SB178,NMDS,60,Forest,Agriculture,Passive,1.0440621,0.7136446,0.58059214,0.33912765,4,8
SB174,NMDS,35,Forest,Deforestation,Active,1.4179802,0.7839443,0.7917721,0.4348369,4,4
SB174,NMDS,50,Forest,Deforestation,Active,1.8689145,0.7839443,1.0522024,0.4348369,4,4
SB058,PCA,5,Grassland,Mining,Active,1.3086153,0.9861095,0.6978585,0.2353239,3,3
SB058,PCA,5,Grassland,Mining,Active,4.2365232,0.9861095,2.465053,0.2353239,3,3
SB058,PCA,5,Grassland,Mining,Active,4.6561433,0.9861095,1.9705075,0.2353239,3,3
SB058,PCA,5,Grassland,Mining,Active,8.1683289,0.9861095,5.402206,0.2353239,3,3
SB058,PCA,5,Grassland,Mining,Active,22.0558387,0.9861095,16.2634455,0.2353239,3,3
SB058,PCA,5,Grassland,Mining,Active,26.490875,0.9861095,17.8558952,0.2353239,3,3
SB075,PCoA,9,Grassland,Pasture,Passive,0.6424914,1.1225755,0.5616954,0.7293658,5,5
SB075,PCoA,9,Grassland,Pasture,Active,1.1012005,1.1225755,0.6418859,0.7293658,5,5
SB056,PCA,43,Forest,Deforestation,Active,2.32061,2.289214,1.148511,1.392414,5,5
SB123,PCA,40,Forest,Monoculture plantation,Active,2.286616,3.217235,1.153788,1.826177,9,9
SB123,PCA,20,Forest,Monoculture plantation,Active,2.553145,3.217235,1.480189,1.826177,9,9
SB123,PCA,40,Forest,Monoculture plantation,Active,2.657193,3.217235,1.282336,1.826177,9,9