ID,Ordination_type,Restoration_time,Ecosystem,Prior_land_use,Restoration_strategy,Restored_Mean,Degraded_Mean,Deg_vs_Res_Mean,Restored_SD,Degraded_SD,Deg_vs_Res_SD,Restored_SS,Degraded_SS,yi,vi
SB131,PCoA,9,Grassland,Pasture,Passive,0.0138115,0.02199999,0.02394341,0.00552482,0.001946988,0.009637726,3,3,-0.402575662,0.062926607
SB021,PCA,11,Forest,Erosion,Active,0.10104899,0.02819355,0.259877,0.049976516,0.002384491,0.06660769,3,3,0.698517648,0.071853316
SB021,PCA,21,Forest,Erosion,Active,0.10419462,0.02819355,0.7872395,0.050191844,0.002384491,0.02272379,3,3,1.782794233,0.048298132
SB021,PCA,31,Forest,Erosion,Active,0.14765746,0.02819355,0.7234337,0.063339647,0.002384491,0.0381944,3,3,1.414371802,0.044235864
SB053,PCA,120,Forest,Agriculture,Passive,0.15369708,0.03482946,0.540577,0.07905512,0.01894583,0.05307814,4,4,1.053398295,0.048894721
SB053,PCA,60,Forest,Agriculture,Passive,0.18481564,0.03482946,0.475571,0.13992113,0.01894583,0.06378049,4,4,0.772503125,0.107809349
SB053,PCA,30,Forest,Agriculture,Passive,0.26420965,0.03482946,0.5079252,0.17690672,0.01894583,0.10411251,4,4,0.529759825,0.099000158
SB079,NMDS,30,Grassland,Pasture,Passive,0.08794163,0.03663124,0.377863,0.02619284,0.01371015,0.377863,3,3,1.10964085,0.352107457
SB079,NMDS,25,Grassland,Pasture,Passive,0.16170388,0.03663124,0.213396,0.04996153,0.01371015,0.213396,3,3,0.073191469,0.35607812
SB079,NMDS,5,Grassland,Pasture,Passive,0.19249329,0.03663124,0.1114738,0.12695058,0.01371015,0.1114738,3,3,-0.720476069,0.436857292
SB079,NMDS,10,Grassland,Pasture,Passive,0.27452421,0.03663124,0.2728022,0.19234052,0.01371015,0.2728022,3,3,-0.131545636,0.461350003
SB079,NMDS,15,Grassland,Pasture,Passive,0.33673577,0.03663124,0.3049643,0.18007334,0.01371015,0.3049643,3,3,-0.202367156,0.411319206
SB115,PCA,33,Forest,Agriculture,Passive,0.01498591,0.03977767,0.67383242,0.008348879,0.009227959,0.019996005,3,3,2.509956071,0.017505545
SB115,PCA,8,Forest,Agriculture,Passive,0.02170725,0.03977767,0.72551104,0.011782319,0.009227959,0.022963947,3,3,2.468084348,0.020083056
SB115,PCA,40,Forest,Agriculture,Passive,0.0293182,0.03977767,0.66966625,0.016500449,0.009227959,0.027382556,3,3,2.271284493,0.025512091
SB115,PCA,2,Forest,Agriculture,Passive,0.03839657,0.03977767,0.45417566,0.003700704,0.009227959,0.022951287,3,3,1.759543858,0.00624298
SB156,NMDS,15,Forest,Deforestation,Active,0.02704951,0.04566715,0.09424031,0.009224186,0.013148225,0.02249417,4,4,0.25927749,0.026439434
SB156,NMDS,12,Forest,Deforestation,Active,0.14757352,0.04566715,0.11890252,0.056688799,0.013148225,0.06525659,4,4,-0.485632409,0.097974213
SB183,NMDS,50,Forest,Deforestation,Active,0.02488859,0.04785033,0.08429546,0.01081204,0.0242344,0.02468271,5,5,0.147451416,0.043767032
SB183,NMDS,30,Forest,Deforestation,Active,0.05425093,0.04785033,0.08055423,0.02659538,0.0242344,0.02909291,13,5,-0.237034444,0.026520401
SB183,NMDS,10,Forest,Deforestation,Active,0.06294501,0.04785033,0.09769156,0.03263373,0.0242344,0.04701223,14,5,-0.125869547,0.032307076
SB037,NMDS,60,Forest,Agriculture,Passive,0.06677939,0.04948076,0.1799752,0.03208642,0.02008422,0.03567961,6,6,0.436988711,0.024219142
SB037,NMDS,100,Forest,Agriculture,Passive,0.08155031,0.04948076,0.3392004,0.03437805,0.02008422,0.05709737,6,6,0.951156613,0.020110787
SB037,NMDS,11,Forest,Agriculture,Passive,0.08347635,0.04948076,0.2601688,0.03365023,0.02008422,0.0434599,6,6,0.671304056,0.019129584
SB037,NMDS,35,Forest,Agriculture,Passive,0.10294485,0.04948076,0.439204,0.04295361,0.02008422,0.05553891,6,6,1.058287324,0.018793964
SB037,NMDS,150,Forest,Agriculture,Passive,0.15525349,0.04948076,0.4237656,0.12012751,0.02008422,0.10436814,6,6,0.727467675,0.069092448
SB027,PCA,25,Grassland,Pasture,Passive,0.02348168,0.05137224,0.6358027,0.007891534,0.034754714,0.0380403,3,3,2.139349814,0.076756414
SB027,PCA,10,Grassland,Pasture,Passive,0.0615412,0.05137224,0.1049319,0.029386406,0.034754714,0.04237744,3,3,-0.073309939,0.108524656
SB027,PCA,35,Grassland,Pasture,Passive,0.30129041,0.05137224,0.7335688,0.20791953,0.034754714,0.05047791,3,3,0.732409456,0.120680166
SB028,PCoA,15,Forest,Agriculture,Active,0.05876116,0.05459193,0.6537166,0.03040694,0.01976585,0.02266649,3,3,1.752166287,0.034522174
SB145,PCoA,15,Forest,Agriculture,Active,0.05384845,0.05480268,0.6604897,0.0285406,0.03340639,0.0452576,6,6,1.804839423,0.028038515
SB145,PCoA,45,Forest,Agriculture,Active,0.07308922,0.05480268,0.6926158,0.03370319,0.03340639,0.03256972,6,6,1.689290068,0.023314716
SB145,PCoA,35,Forest,Agriculture,Active,0.11885655,0.05480268,0.5135129,0.06773843,0.03340639,0.06477251,6,6,1.08418022,0.034177743
SB145,PCoA,25,Forest,Agriculture,Active,0.12193975,0.05480268,0.5889065,0.06504148,0.03340639,0.04927726,6,6,1.203573952,0.029692031
SB147,PCA,34,Grassland,Agriculture,Active,0.07406417,0.05844667,0.6190381,0.05133312,0.02498833,0.04481545,3,3,1.541502368,0.063623805
SB147,PCA,35,Grassland,Agriculture,Passive,0.16338583,0.05844667,0.7496926,0.08932646,0.02498833,0.07578574,3,3,1.217740663,0.061685091
SB151,PCoA,20,Grassland,Pasture,Passive,0.24944706,0.05943171,0.4544495,0.1122649,0.03286653,0.14219869,3,3,0.386137927,0.080444456
SB171,PCoA,2,Grassland,Mining,Active,0.08078534,0.06771357,0.6714291,0.05003683,0.04063155,0.06901207,7,7,1.508830808,0.02842366
SB171,PCoA,6,Grassland,Mining,Active,0.10050693,0.06771357,0.1381566,0.05726998,0.04063155,0.08393202,7,7,-0.196887794,0.077616655
SB161,PCoA,20,Forest,Pasture,Passive,0.06378795,0.07288392,0.5638628,0.04562021,0.03219808,0.05656846,9,9,1.417228016,0.019664897
SB072,PCoA,2,Forest,Monoculture plantation,Active,0.13977179,0.07710874,0.5572998,0.0859755,0.0358093,0.11225724,6,6,0.943756687,0.037497272
SB072,PCoA,2,Forest,Monoculture plantation,Active,0.33709752,0.07710874,0.5140964,0.2273836,0.0358093,0.25343564,6,6,0.216046734,0.091976002
SB147,PCA,34,Grassland,Agriculture,Active,0.13090758,0.07747483,0.5722535,0.07110055,0.01595418,0.06431163,3,3,1.010207174,0.044970231
SB147,PCA,35,Grassland,Agriculture,Passive,0.14747167,0.07747483,0.4669533,0.08090468,0.01595418,0.03869994,3,3,0.730366657,0.047085204
SB096,PCA,2.5,Forest,Erosion,Active,0.27447148,0.08496107,0.3777361,0.05977176,0.01400799,0.1185213,3,3,0.049669266,0.042540946
SB182,PCoA,7,Grassland,Agriculture,Passive,0.05980475,0.08903977,0.5328115,0.02165319,0.03405331,0.05240844,4,4,1.275265432,0.020795114
SB182,PCoA,7,Grassland,Agriculture,Active,0.17384517,0.08903977,0.3559869,0.15967611,0.03405331,0.15002167,4,4,0.303177486,0.140828103
SB024,NMDS,17,Forest,Agriculture,Active,0.21464616,0.09769832,0.7323937,0.0902222,0.04073448,0.1374616,3,3,0.85221153,0.045224019
SB024,NMDS,17,Grassland,Agriculture,Active,0.25617915,0.09769832,0.455948,0.15355843,0.04073448,0.1643406,3,3,0.253428045,0.110487066
SB024,NMDS,78,Grassland,Agriculture,Passive,0.42988805,0.09769832,0.2503015,0.20626793,0.04073448,0.1383656,3,3,-0.745646395,0.154799394
SB122,PCA,5,Forest,Mining,Active,0.1025078,0.1096424,0.3170246,0.05134883,0.05458721,0.09429417,7,7,0.401684859,0.030465211
SB122,PCA,5,Forest,Mining,Active,0.103723,0.1096424,0.6444321,0.05255897,0.05458721,0.05049108,7,7,1.105363275,0.018896048
SB122,PCA,5,Forest,Mining,Active,0.1083776,0.1096424,0.7468387,0.05354838,0.05458721,0.06417259,7,7,1.23126243,0.018628181
SB122,PCA,5,Forest,Mining,Active,0.1117191,0.1096424,0.1323969,0.06102203,0.05458721,0.05617676,7,7,-0.513992882,0.045262559
SB077,PCoA,11,Forest,Monoculture plantation,Active,0.3067666,0.111152,0.6127214,0.21915887,0.07741153,0.1782588,3,3,0.38262367,0.131317293
SB077,PCoA,11,Forest,Monoculture plantation,Active,0.3072847,0.111152,0.3185693,0.21138407,0.07741153,0.1832439,3,3,-0.27268559,0.206764492
SB141,PCA,59,Forest,Deforestation,Active,0.1041079,0.1181228,0.3886078,0.08598139,0.07666452,0.1135667,14,15,0.558854577,0.024726587
SB141,PCA,59,Forest,Deforestation,Active,0.1750524,0.1181228,0.584929,0.11853191,0.07666452,0.1139286,15,15,0.69072009,0.017985283
SB141,PCA,59,Forest,Deforestation,Active,0.1842881,0.1181228,0.5743709,0.13675397,0.07666452,0.1169885,15,15,0.641488666,0.020683331
SB102,NMDS,40,Forest,Monoculture plantation,Passive,0.1388536,0.1185665,0.3901133,0.056200222,0.007371834,0.09884611,3,3,0.415727829,0.03756152
SB102,NMDS,55,Forest,Monoculture plantation,Passive,0.2163481,0.1185665,0.7412134,0.018529419,0.007371834,0.10773654,3,3,0.794412999,0.008224172
SB102,NMDS,30,Forest,Monoculture plantation,Passive,0.4813858,0.1185665,0.5350048,0.303881604,0.007371834,0.20530474,3,3,-0.114574433,0.134654072
SB155,PCoA,43,Forest,Erosion,Active,0.09728318,0.11913735,0.885257,0.02735572,0.08468848,0.04235484,3,3,1.408654585,0.057131088
SB155,PCoA,43,Forest,Erosion,Active,0.21018725,0.11913735,0.6488734,0.11643304,0.08468848,0.13160497,3,3,0.678193738,0.077421609
SB155,PCoA,43,Forest,Erosion,Active,0.33363387,0.11913735,0.6004905,0.22956887,0.08468848,0.2011875,3,3,0.282359856,0.134772217
SB069,PCA,34,Forest,Agriculture,Active,0.01529743,0.1202734,0.7693202,0.007633685,0.080428004,0.0326241,3,3,1.736013033,0.118973252
SB069,PCA,28,Forest,Agriculture,Active,0.02230208,0.1202734,0.7521152,0.012028947,0.080428004,0.03428824,3,3,1.66301796,0.109138201
SB069,PCA,17,Forest,Agriculture,Active,0.02850106,0.1202734,0.4914897,0.001537786,0.080428004,0.07243539,3,3,1.195009515,0.104693235
SB069,PCA,45,Forest,Agriculture,Active,0.07208878,0.1202734,0.9112175,0.033488221,0.080428004,0.03856426,3,3,1.555401668,0.068970615
SB104,PCA,7,Forest,Agriculture,Active,0.200819,0.1214951,0.5579435,0.008308696,0.036656354,0.10224779,3,3,0.548731167,0.015727447
SB185,NMDS,17.5,Grassland,Agriculture,Active,0.1785122,0.1218674,0.5035667,0.03019266,0.06342323,0.108406,3,3,0.516669168,0.033676265
SB185,NMDS,17.5,Grassland,Agriculture,Active,0.1944602,0.1218674,0.416591,0.08121714,0.06342323,0.1242756,3,3,0.27532654,0.065037496
SB185,NMDS,17.5,Grassland,Agriculture,Active,0.2487818,0.1218674,0.5167594,0.18275921,0.06342323,0.1775715,3,3,0.332321326,0.130161579
SB088,NMDS,5,Grassland,Mining,Active,0.06894411,0.12293334,0.8732341,0.02649155,0.04301225,0.07340291,5,5,1.515346789,0.015275567
SB088,NMDS,20,Grassland,Mining,Active,0.07555388,0.12293334,0.5039226,0.031266,0.04301225,0.06611894,5,5,0.93169797,0.017797547
SB088,NMDS,10,Grassland,Mining,Active,0.08235555,0.12293334,0.4427434,0.03612818,0.04301225,0.07802523,5,5,0.768572163,0.021185554
SB088,NMDS,15,Grassland,Mining,Active,0.15170845,0.12293334,0.3053237,0.10224769,0.04301225,0.08413339,5,5,0.105904859,0.04781223
SB114,PCoA,30,Forest,Deforestation,Passive,0.16361496,0.12606171,0.550431,0.11203082,0.09968123,0.13048276,3,3,0.641936238,0.108059889
SB114,PCoA,30,Forest,Deforestation,Passive,0.33951558,0.12606171,0.3616821,0.10106538,0.09968123,0.1784151,3,3,-0.25251247,0.112099721
SB114,PCoA,30,Forest,Deforestation,Passive,0.36456123,0.12606171,0.7050598,0.29802043,0.09968123,0.26488877,3,3,0.362606732,0.183800616
SB074,PCA,12,Forest,Monoculture plantation,Active,0.3711003,0.1269266,0.6560265,0.16434719,0.05431831,0.1501303,4,4,0.275547093,0.043291187
SB149,PCoA,20,Forest,Agriculture,Passive,0.02341877,0.12969365,0.82949549,0.007215376,0.060086914,0.01704362,3,3,1.68964525,0.052216461
SB149,PCoA,15,Forest,Agriculture,Passive,0.04958671,0.12969365,0.78850963,0.018345498,0.060086914,0.01965019,3,3,1.481193782,0.041140604
SB084,NMDS,5,Forest,Mining,Passive,0.1147138,0.131786,0.723699,0.04384454,0.05370486,0.07802906,5,6,1.077014378,0.016563666
SB084,NMDS,1,Forest,Mining,Passive,0.2059741,0.131786,0.6590433,0.08270383,0.05370486,0.13295915,6,6,0.668453358,0.020989922
SB084,NMDS,15,Forest,Mining,Passive,0.2059741,0.131786,0.6590433,0.08270383,0.05370486,0.13295915,6,6,0.668453358,0.020989922
SB084,NMDS,10,Forest,Mining,Passive,0.345489,0.131786,0.5281674,0.15493476,0.05370486,0.11107582,5,6,0.101320434,0.032031948
SB084,NMDS,2,Forest,Mining,Passive,0.5077122,0.131786,0.7146404,0.33262362,0.05370486,0.19010325,3,6,0.111095673,0.11494215
SB172,PCoA,3,Grassland,Pasture,Active,0.12419253,0.14056709,0.6155083,0.05668062,0.07839591,0.10044282,8,8,0.843626111,0.020017265
SB160,PCA,8,Grassland,Agriculture,Passive,0.07292843,0.14237875,0.7409353,0.02368723,0.07091338,0.09179882,3,3,1.235847554,0.045310374
SB160,PCA,2,Grassland,Agriculture,Passive,0.21567177,0.14237875,0.3535914,0.13936403,0.07091338,0.17098208,3,3,-0.012532085,0.141518059
SB091,PCoA,4,Grassland,Pasture,Active,0.3196904,0.1441818,0.5170811,0.22085916,0.07108804,0.1431247,8,8,0.108590645,0.040848862
SB082,PCoA,10,Forest,Deforestation,Active,0.1107177,0.1460935,0.8285544,0.04679356,0.06715891,0.03414091,3,3,1.171341311,0.034428757
SB082,PCoA,16,Forest,Deforestation,Active,0.129098,0.1460935,0.6138322,0.02801118,0.06715891,0.0640337,3,3,0.802254382,0.026933542
SB082,PCoA,22,Forest,Deforestation,Active,0.1769981,0.1460935,0.8605243,0.07304474,0.06715891,0.11128195,3,3,0.97960598,0.037014321
SB082,PCoA,47,Forest,Deforestation,Active,0.3969355,0.1460935,0.5154484,0.07686703,0.06715891,0.21876306,3,3,-0.052125524,0.071819657
SB150,NMDS,5,Grassland,Pasture,Active,0.03312692,0.14735265,0.5404058,0.008113686,0.063203293,0.0703238,3,3,1.096702753,0.047197591
SB150,NMDS,19,Grassland,Pasture,Active,0.09741198,0.14735265,0.5220346,0.030377446,0.063203293,0.03423642,3,3,0.757436814,0.028794003
SB150,NMDS,16,Grassland,Pasture,Active,0.10715472,0.14735265,0.6062483,0.059297035,0.063203293,0.08864986,3,3,0.867959844,0.045778726
SB150,NMDS,14,Grassland,Pasture,Active,0.14652217,0.14735265,0.8137412,0.018800507,0.063203293,0.08477819,3,3,1.018488485,0.020400487
SB078,PCoA,1,Forest,Erosion,Active,0.11915,0.1474618,0.7172464,0.05633937,0.09322033,0.12731079,3,3,0.989625768,0.066138126
SB078,PCoA,16,Forest,Erosion,Active,0.1262467,0.1474618,0.7825742,0.06010733,0.09322033,0.08732009,3,3,1.050525071,0.058890784
SB078,PCoA,11,Forest,Erosion,Active,0.1719327,0.1474618,0.9000621,0.0812382,0.09322033,0.12611447,3,3,1.036036745,0.056504273
SB078,PCoA,6,Forest,Erosion,Active,0.216257,0.1474618,0.9586299,0.13614161,0.09322033,0.12313252,3,3,0.969124036,0.074096982
SB091,PCoA,4,Grassland,Pasture,Active,0.2168578,0.1493081,0.4314633,0.12021201,0.07740206,0.1466882,8,8,0.164095945,0.033506182
SB162,NMDS,5,Grassland,Agriculture,Passive,0.01385756,0.1554436,0.2620805,0.000775996,0.10375486,0.097738512,3,3,0.436972568,0.171558488
SB162,NMDS,20,Grassland,Agriculture,Passive,0.02000346,0.1554436,0.2383074,0.005690578,0.10375486,0.105411434,3,3,0.306224092,0.182144892
SB162,NMDS,15,Grassland,Agriculture,Passive,0.02437362,0.1554436,0.3857225,0.0075193,0.10375486,0.107173418,3,3,0.763177308,0.137293639
SB162,NMDS,40,Grassland,Agriculture,Passive,0.04423607,0.1554436,0.68416,0.015899231,0.10375486,0.105229037,3,3,1.231477376,0.099995889
SB095,PCoA,12,Forest,Monoculture plantation,Active,0.1969654,0.1599725,0.4413868,0.1340155,0.1096674,0.07429871,7,3,0.212359771,0.055652849
SB095,PCoA,12,Forest,Monoculture plantation,Active,0.2090452,0.1599725,0.4961672,0.1359602,0.1096674,0.08219818,8,3,0.296068356,0.04983911
SB173,PCoA,47,Forest,Pasture,Passive,0.2259549,0.1649814,0.5027841,0.128603,0.1500874,0.1517021,12,12,0.251616222,0.028887167
SB173,PCoA,23,Forest,Pasture,Passive,0.2664116,0.1649814,0.2844064,0.1567213,0.1500874,0.1768542,12,12,-0.416615306,0.053308711
SB173,PCoA,68,Forest,Pasture,Passive,0.3347655,0.1649814,0.634531,0.2517004,0.1500874,0.1060659,12,12,0.238784373,0.030983881
SB076,NMDS,6,Forest,Agriculture,Passive,0.03580439,0.1673083,0.2677274,0.02197102,0.12581562,0.11916815,3,3,0.27620835,0.197842287
SB076,NMDS,40,Forest,Agriculture,Passive,0.14495774,0.1673083,0.2698083,0.05397851,0.12581562,0.11652252,3,3,-0.14614381,0.126243865
SB076,NMDS,20,Forest,Agriculture,Passive,0.1617872,0.1673083,0.3651248,0.10087295,0.12581562,0.14381428,3,3,0.103891231,0.131749973
SB076,NMDS,3,Forest,Agriculture,Passive,0.16302506,0.1673083,0.3673857,0.07951644,0.12581562,0.13358748,3,3,0.106309923,0.111742174
SB166,NMDS,40,Forest,Deforestation,Active,0.1080882,0.1826799,0.5492805,0.04124619,0.08555949,0.1121473,5,5,0.636083198,0.029678618
SB166,NMDS,40,Forest,Deforestation,Passive,0.2813809,0.1826799,0.3542202,0.17195277,0.08555949,0.1780327,5,5,-0.270096824,0.084780707
SB028,PCoA,30,Forest,Agriculture,Active,0.05876116,0.1871757,0.6261029,0.08085721,0.01976585,0.0449131,3,3,0.934439898,0.039898758
SB100,NMDS,1.5,Forest,Agriculture,Active,0.05506797,0.19491735,0.14046381,0.04159106,0.12673047,0.0884388,3,3,-0.576452321,0.227033804
SB100,NMDS,15,Forest,Agriculture,Active,0.06080478,0.19491735,0.11820138,0.030989,0.12673047,0.0984127,3,3,-0.771701645,0.317827118
SB100,NMDS,15,Forest,Agriculture,Active,0.12228978,0.19491735,0.45963217,0.01736141,0.12673047,0.05219382,3,3,0.370871572,0.058502135
SB100,NMDS,1.5,Forest,Agriculture,Active,0.12332821,0.19491735,0.12558028,0.05458172,0.12673047,0.08537902,3,3,-0.929878051,0.216740808
SB186,PCA,4,Grassland,Pasture,Active,0.2039638,0.2017281,0.2013496,0.1156204,0.1921757,0.1553114,8,15,-0.700551304,0.099485143
SB080,NMDS,13,Forest,Monoculture plantation,Active,0.3532831,0.2034693,0.4837381,0.15025595,0.07314122,0.1754741,4,4,-0.140576972,0.055419486
SB131,PCoA,9,Grassland,Pasture,Passive,0.4351419,0.2041315,0.5313084,0.3538579,0.1291986,0.3079497,3,3,-0.184989575,0.227728602
SB152,NMDS,2,Grassland,Agriculture,Passive,0.2475405,0.2048806,0.2529226,0.1345507,0.1132914,0.1215667,15,15,-0.58152987,0.02547839
SB152,NMDS,10,Grassland,Agriculture,Passive,0.3175238,0.2048806,0.5282855,0.1658337,0.1132914,0.2136471,15,15,0.011194857,0.020756867
SB152,NMDS,20,Grassland,Agriculture,Passive,0.4261561,0.2048806,0.5957834,0.2269553,0.1132914,0.2861351,15,15,-0.057486844,0.026149312
SB146,PCoA,25,Forest,Erosion,Active,0.3893124,0.2071272,0.4876917,0.2198317,0.1277657,0.19033208,3,3,-0.201294535,0.11134853
SB146,PCoA,25,Forest,Erosion,Active,0.513087,0.2071272,0.444012,0.2136063,0.1277657,0.14447803,3,3,-0.483697079,0.075104879
SB028,PCoA,45,Forest,Agriculture,Active,0.05876116,0.20792701,0.5303085,0.06296456,0.01976585,0.06065424,3,3,0.687378839,0.0247724
SB131,PCoA,9,Grassland,Pasture,Passive,0.09511542,0.21582045,0.5139076,0.04167415,0.17995202,0.1707147,3,3,0.502456798,0.154419027
SB054,NMDS,50,Forest,Agriculture,Passive,0.1417108,0.2232751,1.8531487,0.05188216,0.09985878,0.11215284,3,3,1.624782749,0.032907924
SB054,NMDS,40,Forest,Agriculture,Passive,0.1968208,0.2232751,1.9118807,0.09609208,0.09985878,0.07225627,3,3,1.515359678,0.036751047
SB054,NMDS,30,Forest,Agriculture,Passive,0.1980172,0.2232751,1.9761111,0.06639696,0.09985878,0.11337307,3,3,1.545559209,0.028104441
SB054,NMDS,10,Forest,Agriculture,Passive,0.6474502,0.2232751,0.66377,0.30952343,0.09985878,0.29836939,3,3,-0.271390839,0.113857891
SB054,NMDS,20,Forest,Agriculture,Passive,0.9769626,0.2232751,0.9205396,0.45651899,0.09985878,0.4184453,3,3,-0.26531488,0.119407739
SB121,PCoA,14,Grassland,Pasture,Active,0.1267323,0.233709,0.5448846,0.08559675,0.20981405,0.14866786,4,4,0.413244915,0.117420758
SB121,PCoA,14,Grassland,Pasture,Active,0.3124265,0.233709,0.3755783,0.28270314,0.20981405,0.23310779,4,4,-0.374400142,0.200192834
SB121,PCoA,14,Grassland,Pasture,Active,0.3960992,0.233709,0.3016473,0.25791089,0.20981405,0.23315212,4,4,-0.736156875,0.219024534
SB133,PCA,48,Forest,Pasture,Active,0.2109048,0.2416995,0.6918383,0.05052236,0.074375,0.1760235,3,3,0.424334024,0.034732525
SB133,PCA,31,Forest,Pasture,Active,0.2524378,0.2416995,0.58716,0.09578657,0.074375,0.1846189,3,3,0.172483941,0.053031764
SB142,PCA,10,Forest,Monoculture plantation,Active,0.283523,0.2505102,0.2587295,0.08086931,0.08527533,0.1258744,3,3,-0.724674895,0.095040437
SB142,PCA,5,Forest,Monoculture plantation,Active,0.2981722,0.2505102,0.3090668,0.14315187,0.08527533,0.1092779,3,3,-0.573962333,0.072412888
SB103,PCoA,3,Grassland,Pasture,Passive,0.2033744,0.2538494,0.6482149,0.037579,0.1600154,0.1639459,3,3,0.349049291,0.064401123
SB092,NMDS,15,Forest,Agriculture,Active,0.5087667,0.2546098,0.666541,0.213413,0.1663143,0.2270649,9,9,-0.135649703,0.026852502
SB092,NMDS,15,Forest,Agriculture,Passive,0.676156,0.2546098,0.8223629,0.3694225,0.1663143,0.4109072,9,9,-0.123825906,0.048791783
SB132,NMDS,57,Forest,Erosion,Active,0.4224326,0.2563579,2.607242,0.2288676,0.1231304,0.1628104,3,3,1.345735699,0.050162546
SB132,NMDS,57,Forest,Erosion,Active,0.4392402,0.2563579,2.850177,0.1307789,0.1231304,0.2242814,3,3,1.410364326,0.024291171
SB132,NMDS,57,Forest,Erosion,Active,0.9305667,0.2563579,1.801914,0.4041874,0.1231304,0.273477,3,3,0.417483841,0.049919654
SB052,PCoA,30,Grassland,Others,Passive,0.0728431,0.2612844,0.8121048,0.03574063,0.24017267,0.14826196,4,4,0.888106739,0.140363308
SB052,PCoA,12,Grassland,Others,Passive,0.0932983,0.2612844,0.9007747,0.06094258,0.24017267,0.08731286,4,4,0.932313566,0.124430841
SB049,NMDS,6,Forest,Mining,Active,0.2436038,0.2634796,0.8919496,0.17475002,0.07331855,0.1961382,4,4,0.564734142,0.047005667
SB049,NMDS,6,Forest,Mining,Active,0.256253,0.2634796,1.9843565,0.0923076,0.07331855,0.1697496,4,4,1.339735511,0.014690577
SB049,NMDS,6,Forest,Mining,Active,0.4086275,0.2634796,1.7745821,0.11493883,0.07331855,0.2409026,4,4,0.970902535,0.014893493
SB101,NMDS,24,Grassland,Agriculture,Active,0.2624764,0.2701092,0.9074866,0.12166155,0.10790162,0.2303242,5,5,0.532935164,0.031529236
SB101,NMDS,24,Grassland,Agriculture,Passive,0.277361,0.2701092,0.4912337,0.12479218,0.10790162,0.1916738,5,5,-0.108388049,0.048610061
SB101,NMDS,24,Grassland,Agriculture,Passive,0.2820589,0.2701092,0.8300268,0.09100096,0.10790162,0.1694364,5,5,0.407605461,0.021403715
SB101,NMDS,24,Grassland,Agriculture,Active,0.3080164,0.2701092,0.9114349,0.11007075,0.10790162,0.1904779,5,5,0.455229025,0.022951888
SB101,NMDS,24,Grassland,Agriculture,Active,0.3769297,0.2701092,0.9556841,0.15997292,0.10790162,0.2229168,5,5,0.390021003,0.028668752
SB044,NMDS,31,Forest,Agriculture,Passive,0.3792066,0.2713574,0.3433777,0.1733186,0.126768,0.152542,9,9,-0.639008671,0.03403273
SB071,DCA,5,Forest,Agriculture,Passive,0.3173994,0.2793046,0.8170234,0.1244005,0.1388815,0.1716787,5,5,0.314246558,0.028357708
SB071,DCA,35,Forest,Agriculture,Passive,0.613626,0.2793046,2.369205,0.3355365,0.1388815,0.1535331,5,5,0.975800873,0.033918711
SB071,DCA,17,Forest,Agriculture,Passive,0.8773351,0.2793046,2.1207078,0.569839,0.1388815,0.360212,5,5,0.60623091,0.057197924
SB092,NMDS,15,Forest,Agriculture,Active,0.5585743,0.2950602,0.934759,0.278433,0.1513954,0.3631437,9,9,0.090785626,0.032085265
SB092,NMDS,15,Forest,Agriculture,Passive,0.8612576,0.2950602,1.0978932,0.4048262,0.1513954,0.4006428,9,9,-0.051847575,0.030319815
SB184,NMDS,5,Grassland,Pasture,Active,0.5791828,0.2987535,0.421067,0.4124201,0.1267875,0.3455871,9,8,-0.734782074,0.101972711
SB184,NMDS,10,Grassland,Pasture,Active,0.6312832,0.2987535,0.5333688,0.4234755,0.1267875,0.3725226,6,8,-0.55601093,0.118179158
SB136,NMDS,21,Forest,Agriculture,Passive,0.2504616,0.3028195,1.4495475,0.09800791,0.15392284,0.2226244,3,3,0.963140527,0.044120364
SB136,NMDS,7,Forest,Agriculture,Active,0.3393316,0.3028195,0.5662831,0.20010893,0.15392284,0.2090217,3,3,-0.125729504,0.096935903
SB130,NMDS,23,Forest,Monoculture plantation,Active,0.1757091,0.3057615,0.7757044,0.07499973,0.14359179,0.07636676,3,3,0.47692635,0.040967219
SB130,NMDS,13,Forest,Monoculture plantation,Active,0.3121949,0.3057615,0.5566433,0.13349825,0.14359179,0.18200248,3,3,-0.104493265,0.069189718
SB130,NMDS,7,Forest,Monoculture plantation,Active,0.5204004,0.3057615,0.3619845,0.2293303,0.14359179,0.18616836,3,3,-0.825189366,0.123921914
SB096,PCA,2.5,Forest,Erosion,Active,0.2685537,0.3084486,0.2939439,0.08387498,0.17221062,0.1221887,3,3,-0.67445732,0.094334378
SB093,NMDS,10,Forest,Mining,Active,0.2450633,0.3290325,2.5955586,0.1494341,0.2079511,0.1956903,7,7,1.508760751,0.029234805
SB093,NMDS,10,Forest,Mining,Active,0.2515824,0.3290325,2.3127842,0.1399883,0.2079511,0.1591071,7,7,1.382119645,0.027305687
SB093,NMDS,10,Forest,Mining,Active,0.255314,0.3290325,1.9164792,0.1333097,0.2079511,0.2556142,7,7,1.187750903,0.028068279
SB093,NMDS,10,Forest,Mining,Active,0.3070416,0.3290325,1.1051156,0.1611021,0.2079511,0.2680535,7,7,0.552390158,0.032837866
SB093,NMDS,10,Forest,Mining,Active,0.3160214,0.3290325,1.3404332,0.1691998,0.2079511,0.2071525,7,7,0.731414245,0.028087657
SB097,NMDS,6,Forest,Pasture,Active,0.3939371,0.3316547,0.3333805,0.1976931,0.2653187,0.2181565,6,6,-0.777703117,0.10602473
SB159,NMDS,18,Forest,Agriculture,Active,0.3170879,0.3805018,0.472151,0.1903568,0.3251711,0.153211,12,12,-0.390332258,0.03308682
SB148,NMDS,22,Grassland,Pasture,Passive,0.245389,0.3831005,1.085502,0.10181988,0.15719289,0.1757095,5,5,0.54647851,0.023000832
SB148,NMDS,39,Grassland,Pasture,Passive,0.2925557,0.3831005,1.0514411,0.09414656,0.15719289,0.1857973,5,5,0.442232612,0.020953679
SB148,NMDS,5,Grassland,Pasture,Passive,0.3743323,0.3831005,0.5847133,0.20390727,0.15719289,0.243502,4,5,-0.258813179,0.070089334
SB148,NMDS,13,Grassland,Pasture,Passive,0.520466,0.3831005,1.0271386,0.31293099,0.15719289,0.3107384,5,5,0.128182447,0.048346442
SB074,PCA,12,Forest,Monoculture plantation,Active,0.3087789,0.3869823,0.6015639,0.1191452,0.231836,0.1423348,4,4,-0.145473734,0.049084554
SB064,NMDS,12,Forest,Mining,Active,0.2028661,0.3900844,1.690123,0.08065524,0.15270937,0.1852785,4,4,1.047445665,0.024211881
SB163,PCoA,11,Forest,Monoculture plantation,Active,0.200813,0.4011929,0.4703068,0.2027942,0.2018981,0.1642559,9,9,-0.246881998,0.038659075
SB118,RDA,2.5,Grassland,Agriculture,Active,0.2177068,0.4087076,0.3504833,0.1158595,0.2025246,0.207927,15,15,-0.580699074,0.032712787
SB118,RDA,11,Grassland,Agriculture,Active,0.3015038,0.4087076,0.8001102,0.2926361,0.2025246,0.235401,15,15,0.119186796,0.022510293
SB118,RDA,16,Grassland,Agriculture,Active,0.3370622,0.4087076,0.413931,0.1513069,0.2025246,0.1905286,15,15,-0.58871768,0.021785194
SB179,MDS,7,Forest,Pasture,Active,0.1482442,0.4412481,0.309543,0.05231215,0.17584341,0.16955915,3,3,-0.644164642,0.132303476
SB179,MDS,7,Forest,Pasture,Active,0.2099501,0.4412481,0.5626375,0.0958446,0.17584341,0.1844109,3,3,-0.146178502,0.067335535
SB179,MDS,7,Forest,Pasture,Active,0.2247026,0.4412481,0.4542988,0.16531095,0.17584341,0.16198749,3,3,-0.382460512,0.086160209
SB179,MDS,7,Grassland,Pasture,Active,0.2387743,0.4412481,0.3547859,0.07182527,0.17584341,0.12664005,3,3,-0.65061123,0.068477931
SB057,NMDS,44,Forest,Agriculture,Passive,0.6818383,0.48474,1.550844,0.1903201,0.2633523,0.3496693,3,3,0.284724365,0.042804929
SB057,NMDS,29,Forest,Agriculture,Passive,0.7727402,0.48474,1.9242451,0.4261644,0.2633523,0.4335273,3,3,0.425423858,0.069824928
SB057,NMDS,13,Forest,Agriculture,Passive,1.0064478,0.48474,1.7057339,0.3076756,0.2633523,0.486654,3,3,0.134422474,0.051720043
SB099,NMDS,2,Forest,Mining,Active,0.112755,0.4996415,0.4007068,0.04263098,0.27747516,0.2625752,4,3,-0.424149961,0.176991882
SB099,NMDS,2,Forest,Mining,Active,0.2192918,0.4996415,0.4630727,0.09986144,0.27747516,0.2202113,3,3,-0.439884524,0.131465365
SB099,NMDS,2,Forest,Mining,Active,0.3239015,0.4996415,0.4087374,0.1704695,0.27747516,0.2287297,4,3,-0.700542868,0.126840257
SB153,PCA,22,Grassland,Pasture,Passive,0.8713093,0.5093076,0.6734031,0.7441511,0.2863913,0.6085818,4,4,-0.717941597,0.287574343
SB067,CCA,23,Forest,Erosion,Active,0.1538382,0.5176667,0.9382807,0.0973789,0.32762078,0.9382807,3,3,0.334527845,0.419688879
SB067,CCA,29,Forest,Erosion,Active,0.2419718,0.5176667,1.2340345,0.06458894,0.32762078,1.2340345,3,3,0.4852015,0.397745418
SB067,CCA,40,Forest,Erosion,Active,0.3318939,0.5176667,1.0880557,0.16110726,0.32762078,1.0880557,3,3,0.247428346,0.394892198
SB063,NMDS,8,Grassland,Pasture,Passive,0.3105222,0.5371361,0.7342361,0.3105222,0.3030841,0.3328153,9,9,-0.143646967,0.051945137
SB089,NMDS,29,Forest,Agriculture,Active,0.7272393,0.5652719,1.574693,0.326954,0.3097756,0.4216093,9,7,0.19747334,0.023280812
SB178,NMDS,20,Forest,Agriculture,Passive,0.2690327,0.7136446,1.4395944,0.08012545,0.33912765,0.3132179,4,8,0.381835901,0.028383941
SB178,NMDS,40,Forest,Agriculture,Passive,0.3496533,0.7136446,0.8925918,0.14124328,0.33912765,0.3003308,4,8,-0.175001218,0.045429685
SB178,NMDS,60,Forest,Agriculture,Passive,1.0440621,0.7136446,2.2319739,0.58059214,0.33912765,0.4915112,4,8,0.238876403,0.044053183
SB174,NMDS,35,Forest,Deforestation,Active,1.4179802,0.7839443,1.081101,0.7917721,0.4348369,0.5274396,4,4,-0.711351784,0.101579332
SB174,NMDS,50,Forest,Deforestation,Active,1.8689145,0.7839443,1.24967,1.0522024,0.4348369,0.6401923,4,4,-0.752758335,0.111655625
SB058,PCA,5,Grassland,Mining,Active,1.3086153,0.9861095,1.490564,0.6978585,0.2353239,0.4587178,3,3,-0.431458352,0.065903559
SB058,PCA,5,Grassland,Mining,Active,4.2365232,0.9861095,17.233925,2.465053,0.2353239,2.8865826,3,3,1.193878202,0.08428774
SB058,PCA,5,Grassland,Mining,Active,4.6561433,0.9861095,12.131778,1.9705075,0.2353239,2.9723423,3,3,0.765544873,0.06124542
SB058,PCA,5,Grassland,Mining,Active,8.1683289,0.9861095,23.567026,5.402206,0.2353239,5.6391629,3,3,0.945609699,0.1353856
SB058,PCA,5,Grassland,Mining,Active,22.0558387,0.9861095,33.091886,16.2634455,0.2353239,15.6783927,3,3,0.361971727,0.240918566
SB058,PCA,5,Grassland,Mining,Active,26.490875,0.9861095,21.119379,17.8558952,0.2353239,18.3717389,3,3,-0.263157672,0.393034184
SB075,PCoA,9,Grassland,Pasture,Passive,0.6424914,1.1225755,4.564176,0.5616954,0.7293658,0.9849215,5,5,0.950049401,0.063717947
SB075,PCoA,9,Grassland,Pasture,Active,1.1012005,1.1225755,6.662831,0.6418859,0.7293658,1.1533951,5,5,1.097337817,0.044171604
SB056,PCA,43,Forest,Deforestation,Active,2.32061,2.289214,17.01512,1.148511,1.392414,2.124257,5,5,1.305912682,0.033779113
SB123,PCA,40,Forest,Monoculture plantation,Active,2.286616,3.217235,8.596907,1.153788,1.826177,2.522342,9,9,0.445954458,0.026680143
SB123,PCA,20,Forest,Monoculture plantation,Active,2.553145,3.217235,7.78078,1.480189,1.826177,1.926874,9,9,0.298918654,0.025253794
SB123,PCA,40,Forest,Monoculture plantation,Active,2.657193,3.217235,6.974812,1.282336,1.826177,2.386681,9,9,0.17169668,0.029042399