ID,Restored_SS,Restoration_time,Ecosystem,Prior_land_use,Restoration_strategy,Restored_Mean,Reference_Mean,Res_vs_Ref_Mean,Restored_SD,Reference_SD,Res_vs_Ref_SD,Restored_SS,Reference_SS,yi,vi
SB066,3,2,Grassland,Mining,Active,0.03806772,0.05200505,0.619314,0.016456697,0.038697452,0.03437871,3,3,1.927994515,0.073679812
SB066,3,30,Grassland,Mining,Active,0.05859138,0.05200505,0.5333437,0.012689186,0.038697452,0.04390077,3,3,1.573278247,0.047455914
SB066,3,20,Grassland,Mining,Active,0.1045228,0.05200505,0.535097,0.053500334,0.038697452,0.07273295,3,3,1.229214089,0.065472888
SB066,3,10,Grassland,Mining,Active,0.1078131,0.05200505,0.4816966,0.007890704,0.038697452,0.05497678,3,3,1.103277849,0.024697571
SB116,8,75,Forest,Deforestation,Active,0.03731557,0.06074321,0.05747243,0.02278918,0.03775913,0.02863589,8,9,-0.53426174,0.054258704
SB116,9,25,Forest,Deforestation,Active,0.03761942,0.06074321,0.5819512,0.01924334,0.03775913,0.01975886,9,9,1.77772564,0.02075421
SB116,10,40,Forest,Deforestation,Active,0.04408815,0.06074321,0.49286323,0.02723436,0.03775913,0.04371428,10,9,1.547878748,0.021951011
SB116,8,50,Forest,Deforestation,Active,0.07294187,0.06074321,0.46527934,0.04546305,0.03775913,0.03936136,8,9,1.247151072,0.024215143
SB172,8,3,Grassland,Pasture,Active,0.12419253,0.06753664,0.5909564,0.05668062,0.03097058,0.08813417,8,8,1.125658438,0.016966418
SB114,3,30,Forest,Deforestation,Passive,0.16361496,0.07025387,0.2205031,0.11203082,0.01087522,0.0930918,3,3,-0.058848649,0.136623303
SB114,3,30,Forest,Deforestation,Passive,0.33951558,0.07025387,0.5740737,0.10106538,0.01087522,0.11990289,3,3,0.337163101,0.035053105
SB114,3,30,Forest,Deforestation,Passive,0.36456123,0.07025387,0.7422647,0.29802043,0.01087522,0.09416936,3,3,0.534785035,0.162162771
SB112,3,6,Forest,Deforestation,Passive,0.07371969,0.07581758,0.5113107,0.03672843,0.02799251,0.03440925,3,3,1.229431769,0.033298875
SB112,3,6,Forest,Deforestation,Passive,0.15531107,0.07581758,1.1724555,0.08117265,0.02799251,0.03719596,3,3,1.623881065,0.046338965
SB112,3,6,Forest,Deforestation,Passive,0.18934879,0.07581758,1.0888128,0.07430286,0.02799251,0.07034321,3,3,1.412485767,0.031278967
SB112,3,6,Forest,Deforestation,Passive,0.28222214,0.07581758,1.4879847,0.13385313,0.02799251,0.18793841,3,3,1.424534003,0.053943005
SB160,3,8,Grassland,Agriculture,Passive,0.07292843,0.08103512,0.7959544,0.02368723,0.0397377,0.05342351,3,3,1.642826012,0.031596421
SB160,3,2,Grassland,Agriculture,Passive,0.21567177,0.08103512,0.585687,0.13936403,0.0397377,0.06011477,3,3,0.680040768,0.083030857
SB151,3,20,Grassland,Pasture,Passive,0.24944706,0.08655523,0.6512528,0.1122649,0.05083854,0.09411356,3,3,0.661779917,0.051804114
SB171,7,2,Grassland,Mining,Active,0.08078534,0.09146559,0.7419514,0.05003683,0.065063,0.06190088,7,7,1.460331433,0.033431126
SB171,7,6,Grassland,Mining,Active,0.10050693,0.09146559,0.5306974,0.05726998,0.065063,0.09049851,7,7,1.016839754,0.03327748
SB122,7,5,Forest,Mining,Active,0.1025078,0.1084566,0.5674688,0.05134883,0.05930459,0.09624441,7,7,0.989496371,0.023861832
SB122,7,5,Forest,Mining,Active,0.103723,0.1084566,0.1892663,0.05255897,0.05930459,0.07742714,7,7,-0.114278068,0.04383384
SB122,7,5,Forest,Mining,Active,0.1083776,0.1084566,0.7101014,0.05354838,0.05930459,0.05806609,7,7,1.186274771,0.020353845
SB122,7,5,Forest,Mining,Active,0.1117191,0.1084566,0.7171456,0.06102203,0.05930459,0.11205569,7,7,1.180853024,0.024825405
SB124,3,20,Grassland,Agriculture,Active,0.04097351,0.12520927,0.6846159,0.01737748,0.06127632,0.02968722,3,3,1.415769684,0.049591873
SB066,3,30,Grassland,Mining,Active,0.04274537,0.12636753,0.6826427,0.0180765,0.05828627,0.07698528,3,3,1.39540505,0.047644519
SB066,3,20,Grassland,Mining,Active,0.05264786,0.12636753,0.5927402,0.03202677,0.05828627,0.04880791,3,3,1.197284412,0.048266198
SB066,3,2,Grassland,Mining,Active,0.06498724,0.12636753,0.7006162,0.01789546,0.05828627,0.0513897,3,3,1.297831094,0.035635327
SB066,3,10,Grassland,Mining,Active,0.06891101,0.12636753,0.4197613,0.02838413,0.05828627,0.03461711,3,3,0.765259267,0.039005717
SB149,3,20,Forest,Agriculture,Passive,0.02341877,0.12832843,0.87636429,0.007215376,0.044430161,0.02783805,3,3,1.753565882,0.029665426
SB149,3,15,Forest,Agriculture,Passive,0.04958671,0.12832843,0.85339083,0.018345498,0.044430161,0.03529261,3,3,1.56791093,0.024902056
SB040,3,10,Forest,Deforestation,Active,0.03145682,0.13632803,0.7452437,0.0272424,0.05595313,0.02529551,3,3,1.491028775,0.046241459
SB040,3,5,Forest,Deforestation,Active,0.08050266,0.13632803,0.6816997,0.01639583,0.05595313,0.0854968,3,3,1.14547242,0.029345644
SB040,3,30,Forest,Deforestation,Active,0.08378453,0.13632803,0.6623908,0.04602214,0.05595313,0.06266617,3,3,1.101716662,0.039095165
SB040,3,25,Forest,Deforestation,Active,0.16905452,0.13632803,0.758448,0.13704964,0.05595313,0.07838242,3,3,0.909708987,0.081884904
SB104,3,7,Forest,Agriculture,Active,0.200819,0.1460847,0.6359199,0.008308696,0.03651183,0.09433335,3,3,0.606025392,0.011218854
SB165,10,59,Forest,Deforestation,Passive,0.2378079,0.1567895,0.2373533,0.13567382,0.06427572,0.1343524,10,10,-0.508316256,0.046515672
SB165,10,16,Forest,Deforestation,Passive,0.2407472,0.1567895,0.3038573,0.1283504,0.06427572,0.1433993,10,10,-0.268729074,0.035310107
SB165,10,23,Forest,Deforestation,Passive,0.3003285,0.1567895,0.4540501,0.16954195,0.06427572,0.1722372,10,10,-0.006734019,0.030122836
SB117,9,61,Forest,Deforestation,Passive,0.3256453,0.1788262,0.4606562,0.18197134,0.09036694,0.1799294,9,9,-0.090859352,0.034974251
SB117,9,47,Forest,Deforestation,Passive,0.6777481,0.1788262,0.8522541,0.39353587,0.09036694,0.2590217,9,9,-0.005056341,0.034952931
SB117,9,32,Forest,Deforestation,Passive,1.0211388,0.1788262,1.0047904,0.51157738,0.09036694,0.389892,9,9,-0.177513427,0.037555075
SB117,9,20,Forest,Deforestation,Passive,1.5101879,0.1788262,1.6906577,0.97319948,0.09036694,1.0838719,9,9,0.000972639,0.082873826
SB021,3,11,Forest,Erosion,Active,0.10104899,0.19000117,0.5503683,0.049976516,0.151938583,0.05114024,3,3,0.637092067,0.103546702
SB021,3,21,Forest,Erosion,Active,0.10419462,0.19000117,0.3616906,0.050191844,0.151938583,0.1391714,3,3,0.206543652,0.147962424
SB021,3,31,Forest,Erosion,Active,0.14765746,0.19000117,0.1902513,0.063339647,0.151938583,0.08501546,3,3,-0.573689585,0.145783347
SB045,6,23,Forest,Deforestation,Passive,0.1649039,0.2239828,0.409301,0.07714971,0.14270904,0.1462869,6,5,0.051162785,0.054782553
SB045,6,10,Forest,Deforestation,Passive,0.2115054,0.2239828,0.3340579,0.11354461,0.14270904,0.1539484,6,5,-0.265153369,0.068203418
SB183,5,64,Forest,Deforestation,Active,0.1569965,0.2570899,0.8282243,0.09172378,0.10602553,0.1081222,5,5,0.693209364,0.026333734
SB183,5,64,Forest,Deforestation,Active,0.2605615,0.2570899,1.4236634,0.09044632,0.10602553,0.1343058,5,5,1.011686645,0.016275933
SB166,5,40,Forest,Deforestation,Active,0.1080882,0.2621361,0.4502787,0.04124619,0.19241121,0.20404195,5,5,0.195757686,0.097571406
SB166,5,40,Forest,Deforestation,Passive,0.2813809,0.2621361,0.2828736,0.17195277,0.19241121,0.18696786,5,5,-0.65306083,0.132456245
SB120,3,2,Forest,Mining,Passive,0.05554156,0.27870439,0.4127777,0.02033183,0.14868529,0.17976847,3,3,0.211032092,0.130416404
SB120,3,20,Forest,Others,Passive,0.11394852,0.27870439,0.2520633,0.03056144,0.14868529,0.0619789,3,3,-0.443245795,0.069969298
SB120,3,2,Forest,Others,Passive,0.17026698,0.27870439,0.492858,0.08351846,0.14868529,0.18311427,3,3,0.093261978,0.094105174
SB120,3,1,Forest,Others,Passive,0.23600147,0.27870439,0.3796714,0.15828345,0.14868529,0.19515489,3,3,-0.30428945,0.147408163
SB146,3,25,Forest,Erosion,Active,0.3893124,0.2838287,0.3542912,0.2198317,0.1828867,0.17042864,3,3,-0.641835792,0.137289562
SB146,3,25,Forest,Erosion,Active,0.513087,0.2838287,0.4394348,0.2136063,0.1828867,0.14955259,3,3,-0.595259546,0.080112449
SB118,15,2.5,Grassland,Agriculture,Active,0.2177068,0.2870233,0.8938709,0.1158595,0.1625686,0.1503477,15,14,0.571537527,0.012808998
SB118,15,11,Grassland,Agriculture,Active,0.3015038,0.2870233,0.8344372,0.2926361,0.1625686,0.3116379,15,14,0.349134511,0.031231717
SB118,15,16,Grassland,Agriculture,Active,0.3370622,0.2870233,0.581334,0.1513069,0.1625686,0.2150463,15,14,-0.070961916,0.017888141
SB097,6,6,Forest,Pasture,Active,0.3939371,0.3074015,0.3609268,0.1976931,0.1344025,0.177362,6,6,-0.664315627,0.059610316
SB161,9,20,Forest,Pasture,Passive,0.06378795,0.31976646,0.3821773,0.04562021,0.21110437,0.23035855,9,9,-0.003596851,0.075598546
SB186,8,4,Grassland,Pasture,Active,0.2039638,0.3321269,0.3022567,0.1156204,0.1993039,0.1871227,8,15,-0.573026707,0.062937033
SB044,9,31,Forest,Agriculture,Passive,0.3792066,0.3415624,0.3620045,0.1733186,0.1591209,0.1659142,9,10,-0.688662055,0.034638255
SB076,3,6,Forest,Agriculture,Passive,0.03580439,0.38570081,0.23973,0.02197102,0.20497746,0.18410973,3,3,-0.564318824,0.276336293
SB076,3,40,Forest,Agriculture,Passive,0.14495774,0.38570081,0.2827494,0.05397851,0.20497746,0.22686344,3,3,-0.629557789,0.267771289
SB076,3,20,Forest,Agriculture,Passive,0.1617872,0.38570081,0.2352016,0.10087295,0.20497746,0.17274375,3,3,-0.844897543,0.237845286
SB076,3,3,Forest,Agriculture,Passive,0.16302506,0.38570081,0.2557891,0.07951644,0.20497746,0.11779915,3,3,-0.763245714,0.124210027
SB071,5,5,Forest,Agriculture,Passive,0.3173994,0.4895661,1.8653772,0.1244005,0.3445929,0.1588059,5,5,0.837937647,0.042672244
SB071,5,35,Forest,Agriculture,Passive,0.613626,0.4895661,0.5661272,0.3355365,0.3445929,0.2939906,5,5,-0.667144378,0.091950018
SB071,5,17,Forest,Agriculture,Passive,0.8773351,0.4895661,1.2019627,0.569839,0.3445929,0.4785939,5,5,-0.128590476,0.079178078
SB152,15,2,Grassland,Agriculture,Passive,0.2475405,0.496795,1.3710528,0.1345507,0.2133497,0.2928209,15,15,0.610842317,0.010696504
SB152,15,10,Grassland,Agriculture,Passive,0.3175238,0.496795,1.1988772,0.1658337,0.2133497,0.3160494,15,15,0.386788796,0.011974073
SB152,15,20,Grassland,Agriculture,Passive,0.4261561,0.496795,1.0856527,0.2269553,0.2133497,0.3723593,15,15,0.162360398,0.015435961
SB064,4,12,Forest,Mining,Active,0.2028661,0.6746457,1.207857,0.08065524,0.52073925,0.1490445,4,4,0.319512591,0.093957578
SB020,3,5,Forest,Mining,Active,0.1701022,0.6759611,1.9283047,0.03638475,0.44802788,0.3542739,3,3,0.823802323,0.105340188
SB020,3,11,Forest,Mining,Active,0.2612105,0.6759611,1.6151877,0.08742773,0.44802788,0.4394019,3,3,0.544340049,0.103751916
SB020,3,30,Forest,Mining,Active,0.4236239,0.6759611,1.0894497,0.25217693,0.44802788,0.4556273,3,3,-0.00926013,0.131173057
SB020,3,21,Forest,Mining,Active,0.472373,0.6759611,1.0570555,0.29206261,0.44802788,0.3656965,3,3,-0.082825071,0.112198047
SB075,5,9,Grassland,Pasture,Passive,0.6424914,0.8542797,4.480558,0.5616954,0.5420078,0.8237417,5,5,1.096437404,0.061151638
SB075,5,9,Grassland,Pasture,Active,1.1012005,0.8542797,6.558165,0.6418859,0.5420078,1.0116373,5,5,1.210075048,0.041673631
SB083,3,10,Forest,Agriculture,Passive,0.9659221,3.7020261,2.233993,0.4274467,1.3243959,1.200383,3,3,-0.73692905,0.125867451
SB083,3,29,Forest,Agriculture,Passive,1.7855904,3.7020261,2.572611,0.9114563,1.3243959,1.1309855,3,3,-0.757572672,0.093034624
SB083,3,59,Forest,Agriculture,Passive,4.1061268,3.7020261,3.423219,2.0192583,1.3243959,1.7086144,3,3,-0.824587095,0.114924789
SB056,5,43,Forest,Deforestation,Active,2.32061,4.699436,18.12317,1.148511,2.748558,2.573551,5,5,0.948421459,0.040045411
SB119,9,4,Grassland,Mining,Active,33.28706,26.32534,49.97677,17.83619,15.44395,20.95334,9,9,-0.176305309,0.036935692
SB119,9,4,Grassland,Mining,Active,34.88202,26.32534,40.83609,15.44395,15.44395,19.31304,9,9,-0.404701194,0.039000584